step,raw_loss,smooth_loss
0,2.4549427032470703,2.4549427032470703
